Date,Sales,Type,Category,Region,Store,Year,Month,Quarter,MonthName
2014-01-13,462.685,Actual,All,All,All,2014,1,1,January
2014-01-14,61.96,Actual,All,All,All,2014,1,1,January
2014-01-15,149.95,Actual,All,All,All,2014,1,1,January
2014-01-16,299.964,Actual,All,All,All,2014,1,1,January
2014-01-18,64.864,Actual,All,All,All,2014,1,1,January
2014-01-19,378.594,Actual,All,All,All,2014,1,1,January
2014-01-20,906.0,Actual,All,All,All,2014,1,1,January
2014-01-21,25.248,Actual,All,All,All,2014,1,1,January
2014-01-23,46.019999999999996,Actual,All,All,All,2014,1,1,January
2014-01-26,1097.25,Actual,All,All,All,2014,1,1,January
2014-01-27,426.67,Actual,All,All,All,2014,1,1,January
2014-01-28,3.928,Actual,All,All,All,2014,1,1,January
2014-01-30,240.5,Actual,All,All,All,2014,1,1,January
2014-01-31,290.666,Actual,All,All,All,2014,1,1,January
2014-02-14,576.726,Actual,All,All,All,2014,2,1,February
2014-02-15,21.36,Actual,All,All,All,2014,2,1,February
2014-02-16,9.04,Actual,All,All,All,2014,2,1,February
2014-02-17,54.208,Actual,All,All,All,2014,2,1,February
2014-02-18,37.784,Actual,All,All,All,2014,2,1,February
2014-02-20,95.59,Actual,All,All,All,2014,2,1,February
2014-02-21,8.85,Actual,All,All,All,2014,2,1,February
2014-02-22,19.44,Actual,All,All,All,2014,2,1,February
2014-02-23,11.364,Actual,All,All,All,2014,2,1,February
2014-02-24,55.672,Actual,All,All,All,2014,2,1,February
2014-02-27,19.456,Actual,All,All,All,2014,2,1,February
2014-03-14,393.72,Actual,All,All,All,2014,3,1,March
2014-03-15,370.78200000000004,Actual,All,All,All,2014,3,1,March
2014-03-16,471.92,Actual,All,All,All,2014,3,1,March
2014-03-17,695.1279999999999,Actual,All,All,All,2014,3,1,March
2014-03-18,312.448,Actual,All,All,All,2014,3,1,March
2014-03-19,590.762,Actual,All,All,All,2014,3,1,March
2014-03-21,609.886,Actual,All,All,All,2014,3,1,March
2014-03-22,464.09299999999996,Actual,All,All,All,2014,3,1,March
2014-03-23,340.31199999999995,Actual,All,All,All,2014,3,1,March
2014-03-24,65.38,Actual,All,All,All,2014,3,1,March
2014-03-25,459.146,Actual,All,All,All,2014,3,1,March
2014-03-26,145.13,Actual,All,All,All,2014,3,1,March
2014-03-28,639.0840000000001,Actual,All,All,All,2014,3,1,March
2014-03-30,1170.3220000000001,Actual,All,All,All,2014,3,1,March
2014-03-31,160.49599999999998,Actual,All,All,All,2014,3,1,March
2014-04-13,128.606,Actual,All,All,All,2014,4,2,April
2014-04-15,294.71999999999997,Actual,All,All,All,2014,4,2,April
2014-04-16,39.072,Actual,All,All,All,2014,4,2,April
2014-04-18,1020.532,Actual,All,All,All,2014,4,2,April
2014-04-19,205.47,Actual,All,All,All,2014,4,2,April
2014-04-20,506.35,Actual,All,All,All,2014,4,2,April
2014-04-21,16.52,Actual,All,All,All,2014,4,2,April
2014-04-22,257.752,Actual,All,All,All,2014,4,2,April
2014-04-23,643.98,Actual,All,All,All,2014,4,2,April
2014-04-25,892.954,Actual,All,All,All,2014,4,2,April
2014-04-26,282.568,Actual,All,All,All,2014,4,2,April
2014-04-28,898.5160000000001,Actual,All,All,All,2014,4,2,April
2014-04-29,207.26,Actual,All,All,All,2014,4,2,April
2014-04-30,222.73999999999998,Actual,All,All,All,2014,4,2,April
2014-05-13,898.382,Actual,All,All,All,2014,5,2,May
2014-05-14,310.88,Actual,All,All,All,2014,5,2,May
2014-05-16,289.28,Actual,All,All,All,2014,5,2,May
2014-05-17,91.68,Actual,All,All,All,2014,5,2,May
2014-05-18,169.152,Actual,All,All,All,2014,5,2,May
2014-05-19,91.62,Actual,All,All,All,2014,5,2,May
2014-05-20,320.10400000000004,Actual,All,All,All,2014,5,2,May
2014-05-21,930.428,Actual,All,All,All,2014,5,2,May
2014-05-22,180.93,Actual,All,All,All,2014,5,2,May
2014-05-23,323.75800000000004,Actual,All,All,All,2014,5,2,May
2014-05-24,116.28,Actual,All,All,All,2014,5,2,May
2014-05-25,119.53999999999999,Actual,All,All,All,2014,5,2,May
2014-05-26,1325.718,Actual,All,All,All,2014,5,2,May
2014-05-27,476.77,Actual,All,All,All,2014,5,2,May
2014-05-28,221.96800000000002,Actual,All,All,All,2014,5,2,May
2014-05-30,1204.937,Actual,All,All,All,2014,5,2,May
2014-05-31,113.73,Actual,All,All,All,2014,5,2,May
2014-06-13,14.52,Actual,All,All,All,2014,6,2,June
2014-06-14,212.94,Actual,All,All,All,2014,6,2,June
2014-06-15,145.03,Actual,All,All,All,2014,6,2,June
2014-06-16,115.952,Actual,All,All,All,2014,6,2,June
2014-06-17,152.126,Actual,All,All,All,2014,6,2,June
2014-06-18,139.8,Actual,All,All,All,2014,6,2,June
2014-06-20,1319.4616,Actual,All,All,All,2014,6,2,June
2014-06-21,951.693,Actual,All,All,All,2014,6,2,June
2014-06-22,619.758,Actual,All,All,All,2014,6,2,June
2014-06-23,109.49600000000001,Actual,All,All,All,2014,6,2,June
2014-06-24,4.272,Actual,All,All,All,2014,6,2,June
2014-06-25,792.76,Actual,All,All,All,2014,6,2,June
2014-06-27,616.14,Actual,All,All,All,2014,6,2,June
2014-06-28,417.32599999999996,Actual,All,All,All,2014,6,2,June
2014-06-29,46.68,Actual,All,All,All,2014,6,2,June
2014-06-30,739.624,Actual,All,All,All,2014,6,2,June
2014-07-13,351.216,Actual,All,All,All,2014,7,3,July
2014-07-14,292.594,Actual,All,All,All,2014,7,3,July
2014-07-15,9.51,Actual,All,All,All,2014,7,3,July
2014-07-18,273.04,Actual,All,All,All,2014,7,3,July
2014-07-19,461.326,Actual,All,All,All,2014,7,3,July
2014-07-20,769.004,Actual,All,All,All,2014,7,3,July
2014-07-21,501.984,Actual,All,All,All,2014,7,3,July
2014-07-22,630.624,Actual,All,All,All,2014,7,3,July
2014-07-23,984.496,Actual,All,All,All,2014,7,3,July
2014-07-25,153.64,Actual,All,All,All,2014,7,3,July
2014-07-26,1276.074,Actual,All,All,All,2014,7,3,July
2014-07-27,580.06,Actual,All,All,All,2014,7,3,July
2014-07-28,193.152,Actual,All,All,All,2014,7,3,July
2014-08-15,842.7819999999999,Actual,All,All,All,2014,8,3,August
2014-08-17,500.342,Actual,All,All,All,2014,8,3,August
2014-08-19,800.2860000000001,Actual,All,All,All,2014,8,3,August
2014-08-20,441.492,Actual,All,All,All,2014,8,3,August
2014-08-22,23.104,Actual,All,All,All,2014,8,3,August
2014-08-23,565.224,Actual,All,All,All,2014,8,3,August
2014-08-24,59.74,Actual,All,All,All,2014,8,3,August
2014-08-25,443.706,Actual,All,All,All,2014,8,3,August
2014-08-26,366.81,Actual,All,All,All,2014,8,3,August
2014-08-27,287.24,Actual,All,All,All,2014,8,3,August
2014-08-29,327.1465,Actual,All,All,All,2014,8,3,August
2014-08-30,121.24,Actual,All,All,All,2014,8,3,August
2014-08-31,92.52,Actual,All,All,All,2014,8,3,August
2014-09-13,1275.408,Actual,All,All,All,2014,9,3,September
2014-09-14,1622.456,Actual,All,All,All,2014,9,3,September
2014-09-15,133.436,Actual,All,All,All,2014,9,3,September
2014-09-16,33.552,Actual,All,All,All,2014,9,3,September
2014-09-17,820.523,Actual,All,All,All,2014,9,3,September
2014-09-19,246.60899999999998,Actual,All,All,All,2014,9,3,September
2014-09-20,1305.058,Actual,All,All,All,2014,9,3,September
2014-09-21,879.682,Actual,All,All,All,2014,9,3,September
2014-09-22,660.7379999999999,Actual,All,All,All,2014,9,3,September
2014-09-23,1212.387,Actual,All,All,All,2014,9,3,September
2014-09-24,211.96,Actual,All,All,All,2014,9,3,September
2014-09-25,354.88880000000006,Actual,All,All,All,2014,9,3,September
2014-09-26,895.062,Actual,All,All,All,2014,9,3,September
2014-09-27,169.52,Actual,All,All,All,2014,9,3,September
2014-09-28,490.29200000000003,Actual,All,All,All,2014,9,3,September
2014-09-29,1069.008,Actual,All,All,All,2014,9,3,September
2014-09-30,192.124,Actual,All,All,All,2014,9,3,September
2014-10-13,913.632,Actual,All,All,All,2014,10,4,October
2014-10-14,896.7040000000001,Actual,All,All,All,2014,10,4,October
2014-10-15,206.72400000000002,Actual,All,All,All,2014,10,4,October
2014-10-16,194.322,Actual,All,All,All,2014,10,4,October
2014-10-17,136.068,Actual,All,All,All,2014,10,4,October
2014-10-18,588.746,Actual,All,All,All,2014,10,4,October
2014-10-19,641.104,Actual,All,All,All,2014,10,4,October
2014-10-20,995.784,Actual,All,All,All,2014,10,4,October
2014-10-21,765.282,Actual,All,All,All,2014,10,4,October
2014-10-22,223.808,Actual,All,All,All,2014,10,4,October
2014-10-24,56.49,Actual,All,All,All,2014,10,4,October
2014-10-25,103.882,Actual,All,All,All,2014,10,4,October
2014-10-26,447.88,Actual,All,All,All,2014,10,4,October
2014-10-27,22.32,Actual,All,All,All,2014,10,4,October
2014-10-28,893.5840000000001,Actual,All,All,All,2014,10,4,October
2014-10-29,77.86,Actual,All,All,All,2014,10,4,October
2014-10-31,1593.126,Actual,All,All,All,2014,10,4,October
2014-11-14,201.79999999999998,Actual,All,All,All,2014,11,4,November
2014-11-15,403.69599999999997,Actual,All,All,All,2014,11,4,November
2014-11-16,1355.9285,Actual,All,All,All,2014,11,4,November
2014-11-17,1057.4479999999999,Actual,All,All,All,2014,11,4,November
2014-11-18,2136.691,Actual,All,All,All,2014,11,4,November
2014-11-19,1147.4360000000001,Actual,All,All,All,2014,11,4,November
2014-11-20,73.62,Actual,All,All,All,2014,11,4,November
2014-11-21,620.5219999999999,Actual,All,All,All,2014,11,4,November
2014-11-22,428.178,Actual,All,All,All,2014,11,4,November
2014-11-23,759.36,Actual,All,All,All,2014,11,4,November
2014-11-24,1769.002,Actual,All,All,All,2014,11,4,November
2014-11-25,813.776,Actual,All,All,All,2014,11,4,November
2014-11-26,1036.91,Actual,All,All,All,2014,11,4,November
2014-11-27,203.66,Actual,All,All,All,2014,11,4,November
2014-11-28,1281.98,Actual,All,All,All,2014,11,4,November
2014-11-29,73.124,Actual,All,All,All,2014,11,4,November
2014-11-30,219.154,Actual,All,All,All,2014,11,4,November
2014-12-13,293.152,Actual,All,All,All,2014,12,4,December
2014-12-14,641.698,Actual,All,All,All,2014,12,4,December
2014-12-15,501.18600000000004,Actual,All,All,All,2014,12,4,December
2014-12-16,1349.267,Actual,All,All,All,2014,12,4,December
2014-12-17,45.534,Actual,All,All,All,2014,12,4,December
2014-12-19,1033.1,Actual,All,All,All,2014,12,4,December
2014-12-20,2951.11,Actual,All,All,All,2014,12,4,December
2014-12-21,35.519999999999996,Actual,All,All,All,2014,12,4,December
2014-12-22,798.968,Actual,All,All,All,2014,12,4,December
2014-12-23,942.108,Actual,All,All,All,2014,12,4,December
2014-12-24,1131.826,Actual,All,All,All,2014,12,4,December
2014-12-26,1440.856,Actual,All,All,All,2014,12,4,December
2014-12-27,1252.41,Actual,All,All,All,2014,12,4,December
2014-12-28,292.046,Actual,All,All,All,2014,12,4,December
2014-12-29,1304.144,Actual,All,All,All,2014,12,4,December
2014-12-30,1096.902,Actual,All,All,All,2014,12,4,December
2014-12-31,1386.1019999999999,Actual,All,All,All,2014,12,4,December
2015-01-13,622.278,Actual,All,All,All,2015,1,1,January
2015-01-17,350.384,Actual,All,All,All,2015,1,1,January
2015-01-19,301.742,Actual,All,All,All,2015,1,1,January
2015-01-23,43.66,Actual,All,All,All,2015,1,1,January
2015-01-24,13.12,Actual,All,All,All,2015,1,1,January
2015-01-26,182.72,Actual,All,All,All,2015,1,1,January
2015-01-27,769.332,Actual,All,All,All,2015,1,1,January
2015-01-30,241.66400000000002,Actual,All,All,All,2015,1,1,January
2015-01-31,99.26,Actual,All,All,All,2015,1,1,January
2015-02-14,453.97200000000004,Actual,All,All,All,2015,2,1,February
2015-02-15,360.96,Actual,All,All,All,2015,2,1,February
2015-02-16,160.43,Actual,All,All,All,2015,2,1,February
2015-02-18,105.844,Actual,All,All,All,2015,2,1,February
2015-02-20,316.78000000000003,Actual,All,All,All,2015,2,1,February
2015-02-21,49.12,Actual,All,All,All,2015,2,1,February
2015-02-22,79.36,Actual,All,All,All,2015,2,1,February
2015-02-23,37.775999999999996,Actual,All,All,All,2015,2,1,February
2015-02-25,25.869999999999997,Actual,All,All,All,2015,2,1,February
2015-02-27,620.351,Actual,All,All,All,2015,2,1,February
2015-02-28,551.264,Actual,All,All,All,2015,2,1,February
2015-03-13,469.72,Actual,All,All,All,2015,3,1,March
2015-03-14,35.96,Actual,All,All,All,2015,3,1,March
2015-03-15,16.776,Actual,All,All,All,2015,3,1,March
2015-03-16,875.26,Actual,All,All,All,2015,3,1,March
2015-03-17,48.84,Actual,All,All,All,2015,3,1,March
2015-03-19,1255.3696,Actual,All,All,All,2015,3,1,March
2015-03-20,460.258,Actual,All,All,All,2015,3,1,March
2015-03-21,308.29900000000004,Actual,All,All,All,2015,3,1,March
2015-03-22,993.448,Actual,All,All,All,2015,3,1,March
2015-03-23,633.302,Actual,All,All,All,2015,3,1,March
2015-03-24,412.95,Actual,All,All,All,2015,3,1,March
2015-03-26,144.27,Actual,All,All,All,2015,3,1,March
2015-03-27,83.7,Actual,All,All,All,2015,3,1,March
2015-03-28,243.344,Actual,All,All,All,2015,3,1,March
2015-03-29,392.15999999999997,Actual,All,All,All,2015,3,1,March
2015-03-30,571.224,Actual,All,All,All,2015,3,1,March
2015-03-31,200.716,Actual,All,All,All,2015,3,1,March
2015-04-13,1871.866,Actual,All,All,All,2015,4,2,April
2015-04-14,35.208,Actual,All,All,All,2015,4,2,April
2015-04-16,432.244,Actual,All,All,All,2015,4,2,April
2015-04-17,513.496,Actual,All,All,All,2015,4,2,April
2015-04-18,1059.79,Actual,All,All,All,2015,4,2,April
2015-04-19,329.96,Actual,All,All,All,2015,4,2,April
2015-04-20,599.346,Actual,All,All,All,2015,4,2,April
2015-04-21,893.0899999999999,Actual,All,All,All,2015,4,2,April
2015-04-22,152.916,Actual,All,All,All,2015,4,2,April
2015-04-24,25.99,Actual,All,All,All,2015,4,2,April
2015-04-25,920.946,Actual,All,All,All,2015,4,2,April
2015-04-26,1258.1695,Actual,All,All,All,2015,4,2,April
2015-04-27,72.14,Actual,All,All,All,2015,4,2,April
2015-04-28,231.392,Actual,All,All,All,2015,4,2,April
2015-04-29,7.968,Actual,All,All,All,2015,4,2,April
2015-04-30,548.725,Actual,All,All,All,2015,4,2,April
2015-05-13,238.384,Actual,All,All,All,2015,5,2,May
2015-05-14,790.97,Actual,All,All,All,2015,5,2,May
2015-05-15,69.908,Actual,All,All,All,2015,5,2,May
2015-05-16,255.968,Actual,All,All,All,2015,5,2,May
2015-05-17,134.46800000000002,Actual,All,All,All,2015,5,2,May
2015-05-18,10.86,Actual,All,All,All,2015,5,2,May
2015-05-20,169.54399999999998,Actual,All,All,All,2015,5,2,May
2015-05-21,72.332,Actual,All,All,All,2015,5,2,May
2015-05-22,113.05000000000001,Actual,All,All,All,2015,5,2,May
2015-05-23,454.456,Actual,All,All,All,2015,5,2,May
2015-05-24,7.656,Actual,All,All,All,2015,5,2,May
2015-05-25,893.69,Actual,All,All,All,2015,5,2,May
2015-05-26,982.5640000000001,Actual,All,All,All,2015,5,2,May
2015-05-28,258.736,Actual,All,All,All,2015,5,2,May
2015-05-29,664.2719999999999,Actual,All,All,All,2015,5,2,May
2015-05-30,681.1,Actual,All,All,All,2015,5,2,May
2015-05-31,1203.438,Actual,All,All,All,2015,5,2,May
2015-06-13,228.928,Actual,All,All,All,2015,6,2,June
2015-06-14,51.072,Actual,All,All,All,2015,6,2,June
2015-06-15,734.144,Actual,All,All,All,2015,6,2,June
2015-06-16,393.528,Actual,All,All,All,2015,6,2,June
2015-06-18,1239.951,Actual,All,All,All,2015,6,2,June
2015-06-19,446.346,Actual,All,All,All,2015,6,2,June
2015-06-20,829.544,Actual,All,All,All,2015,6,2,June
2015-06-21,107.976,Actual,All,All,All,2015,6,2,June
2015-06-22,4.96,Actual,All,All,All,2015,6,2,June
2015-06-23,836.9580000000001,Actual,All,All,All,2015,6,2,June
2015-06-25,857.08,Actual,All,All,All,2015,6,2,June
2015-06-26,620.316,Actual,All,All,All,2015,6,2,June
2015-06-28,764.706,Actual,All,All,All,2015,6,2,June
2015-06-29,432.92600000000004,Actual,All,All,All,2015,6,2,June
2015-07-13,102.21600000000001,Actual,All,All,All,2015,7,3,July
2015-07-14,860.9159999999999,Actual,All,All,All,2015,7,3,July
2015-07-16,380.63,Actual,All,All,All,2015,7,3,July
2015-07-17,448.082,Actual,All,All,All,2015,7,3,July
2015-07-18,152.458,Actual,All,All,All,2015,7,3,July
2015-07-19,2.025,Actual,All,All,All,2015,7,3,July
2015-07-20,948.538,Actual,All,All,All,2015,7,3,July
2015-07-23,208.272,Actual,All,All,All,2015,7,3,July
2015-07-24,525.95,Actual,All,All,All,2015,7,3,July
2015-07-25,504.596,Actual,All,All,All,2015,7,3,July
2015-07-26,969.225,Actual,All,All,All,2015,7,3,July
2015-07-27,29.97,Actual,All,All,All,2015,7,3,July
2015-07-30,443.802,Actual,All,All,All,2015,7,3,July
2015-07-31,311.73,Actual,All,All,All,2015,7,3,July
2015-08-13,586.896,Actual,All,All,All,2015,8,3,August
2015-08-15,497.59000000000003,Actual,All,All,All,2015,8,3,August
2015-08-16,979.1800000000001,Actual,All,All,All,2015,8,3,August
2015-08-17,381.64,Actual,All,All,All,2015,8,3,August
2015-08-21,435.584,Actual,All,All,All,2015,8,3,August
2015-08-22,66.632,Actual,All,All,All,2015,8,3,August
2015-08-23,659.338,Actual,All,All,All,2015,8,3,August
2015-08-24,884.508,Actual,All,All,All,2015,8,3,August
2015-08-25,178.52599999999998,Actual,All,All,All,2015,8,3,August
2015-08-27,639.9739999999999,Actual,All,All,All,2015,8,3,August
2015-08-28,970.203,Actual,All,All,All,2015,8,3,August
2015-08-29,246.5,Actual,All,All,All,2015,8,3,August
2015-08-31,493.006,Actual,All,All,All,2015,8,3,August
2015-09-13,1211.852,Actual,All,All,All,2015,9,3,September
2015-09-14,478.486,Actual,All,All,All,2015,9,3,September
2015-09-15,677.03,Actual,All,All,All,2015,9,3,September
2015-09-16,31.12,Actual,All,All,All,2015,9,3,September
2015-09-17,1549.0520000000001,Actual,All,All,All,2015,9,3,September
2015-09-18,810.4200000000001,Actual,All,All,All,2015,9,3,September
2015-09-19,500.38,Actual,All,All,All,2015,9,3,September
2015-09-20,466.288,Actual,All,All,All,2015,9,3,September
2015-09-21,1093.508,Actual,All,All,All,2015,9,3,September
2015-09-22,445.464,Actual,All,All,All,2015,9,3,September
2015-09-24,314.93399999999997,Actual,All,All,All,2015,9,3,September
2015-09-25,1089.217,Actual,All,All,All,2015,9,3,September
2015-09-26,1977.943,Actual,All,All,All,2015,9,3,September
2015-09-27,511.078,Actual,All,All,All,2015,9,3,September
2015-09-28,1058.364,Actual,All,All,All,2015,9,3,September
2015-10-13,371.65999999999997,Actual,All,All,All,2015,10,4,October
2015-10-15,766.124,Actual,All,All,All,2015,10,4,October
2015-10-17,77.88,Actual,All,All,All,2015,10,4,October
2015-10-18,378.494,Actual,All,All,All,2015,10,4,October
2015-10-19,494.39,Actual,All,All,All,2015,10,4,October
2015-10-20,720.086,Actual,All,All,All,2015,10,4,October
2015-10-22,15.128,Actual,All,All,All,2015,10,4,October
2015-10-23,1419.944,Actual,All,All,All,2015,10,4,October
2015-10-24,831.145,Actual,All,All,All,2015,10,4,October
2015-10-25,843.076,Actual,All,All,All,2015,10,4,October
2015-10-26,676.693,Actual,All,All,All,2015,10,4,October
2015-10-28,104.51,Actual,All,All,All,2015,10,4,October
2015-10-29,244.24,Actual,All,All,All,2015,10,4,October
2015-10-30,1086.244,Actual,All,All,All,2015,10,4,October
2015-10-31,1915.169,Actual,All,All,All,2015,10,4,October
2015-11-13,2293.746,Actual,All,All,All,2015,11,4,November
2015-11-14,802.76,Actual,All,All,All,2015,11,4,November
2015-11-15,702.17,Actual,All,All,All,2015,11,4,November
2015-11-16,1199.154,Actual,All,All,All,2015,11,4,November
2015-11-17,1243.636,Actual,All,All,All,2015,11,4,November
2015-11-19,179.024,Actual,All,All,All,2015,11,4,November
2015-11-20,2288.99,Actual,All,All,All,2015,11,4,November
2015-11-21,2360.8708,Actual,All,All,All,2015,11,4,November
2015-11-22,614.499,Actual,All,All,All,2015,11,4,November
2015-11-23,825.068,Actual,All,All,All,2015,11,4,November
2015-11-24,1218.7640000000001,Actual,All,All,All,2015,11,4,November
2015-11-25,13.12,Actual,All,All,All,2015,11,4,November
2015-11-26,191.62,Actual,All,All,All,2015,11,4,November
2015-11-27,2361.0315,Actual,All,All,All,2015,11,4,November
2015-11-28,1216.578,Actual,All,All,All,2015,11,4,November
2015-11-29,574.568,Actual,All,All,All,2015,11,4,November
2015-11-30,1116.989,Actual,All,All,All,2015,11,4,November
2015-12-13,1023.386,Actual,All,All,All,2015,12,4,December
2015-12-14,858.304,Actual,All,All,All,2015,12,4,December
2015-12-15,769.5319999999999,Actual,All,All,All,2015,12,4,December
2015-12-16,4.98,Actual,All,All,All,2015,12,4,December
2015-12-17,1371.8319999999999,Actual,All,All,All,2015,12,4,December
2015-12-18,288.512,Actual,All,All,All,2015,12,4,December
2015-12-19,875.7719999999999,Actual,All,All,All,2015,12,4,December
2015-12-20,1107.464,Actual,All,All,All,2015,12,4,December
2015-12-21,401.42,Actual,All,All,All,2015,12,4,December
2015-12-22,473.313,Actual,All,All,All,2015,12,4,December
2015-12-23,194.32,Actual,All,All,All,2015,12,4,December
2015-12-24,1110.738,Actual,All,All,All,2015,12,4,December
2015-12-25,1613.972,Actual,All,All,All,2015,12,4,December
2015-12-26,561.486,Actual,All,All,All,2015,12,4,December
2015-12-27,2398.898,Actual,All,All,All,2015,12,4,December
2015-12-28,79.2,Actual,All,All,All,2015,12,4,December
2015-12-29,6.36,Actual,All,All,All,2015,12,4,December
2015-12-30,702.78,Actual,All,All,All,2015,12,4,December
2015-12-31,1381.344,Actual,All,All,All,2015,12,4,December
2016-01-14,405.344,Actual,All,All,All,2016,1,1,January
2016-01-15,701.923,Actual,All,All,All,2016,1,1,January
2016-01-16,102.21799999999999,Actual,All,All,All,2016,1,1,January
2016-01-17,1040.55,Actual,All,All,All,2016,1,1,January
2016-01-21,153.568,Actual,All,All,All,2016,1,1,January
2016-01-22,917.63,Actual,All,All,All,2016,1,1,January
2016-01-23,168.01000000000002,Actual,All,All,All,2016,1,1,January
2016-01-24,31.36,Actual,All,All,All,2016,1,1,January
2016-01-25,858.712,Actual,All,All,All,2016,1,1,January
2016-01-28,39.68,Actual,All,All,All,2016,1,1,January
2016-01-30,1041.248,Actual,All,All,All,2016,1,1,January
2016-01-31,330.56399999999996,Actual,All,All,All,2016,1,1,January
2016-02-13,146.82,Actual,All,All,All,2016,2,1,February
2016-02-14,287.49,Actual,All,All,All,2016,2,1,February
2016-02-15,407.072,Actual,All,All,All,2016,2,1,February
2016-02-16,1135.638,Actual,All,All,All,2016,2,1,February
2016-02-19,392.65999999999997,Actual,All,All,All,2016,2,1,February
2016-02-20,16.496,Actual,All,All,All,2016,2,1,February
2016-02-21,1524.126,Actual,All,All,All,2016,2,1,February
2016-02-22,983.17,Actual,All,All,All,2016,2,1,February
2016-02-23,57.576,Actual,All,All,All,2016,2,1,February
2016-02-25,46.72,Actual,All,All,All,2016,2,1,February
2016-02-27,243.892,Actual,All,All,All,2016,2,1,February
2016-02-28,36.48,Actual,All,All,All,2016,2,1,February
2016-02-29,111.104,Actual,All,All,All,2016,2,1,February
2016-03-13,2304.237,Actual,All,All,All,2016,3,1,March
2016-03-14,669.3679999999999,Actual,All,All,All,2016,3,1,March
2016-03-15,476.34599999999995,Actual,All,All,All,2016,3,1,March
2016-03-17,486.884,Actual,All,All,All,2016,3,1,March
2016-03-18,189.882,Actual,All,All,All,2016,3,1,March
2016-03-19,138.68,Actual,All,All,All,2016,3,1,March
2016-03-20,231.151,Actual,All,All,All,2016,3,1,March
2016-03-21,117.276,Actual,All,All,All,2016,3,1,March
2016-03-22,226.46800000000002,Actual,All,All,All,2016,3,1,March
2016-03-24,745.774,Actual,All,All,All,2016,3,1,March
2016-03-25,59.52,Actual,All,All,All,2016,3,1,March
2016-03-26,682.246,Actual,All,All,All,2016,3,1,March
2016-03-27,92.69999999999999,Actual,All,All,All,2016,3,1,March
2016-03-28,125.30000000000001,Actual,All,All,All,2016,3,1,March
2016-03-29,1002.487,Actual,All,All,All,2016,3,1,March
2016-03-30,11.34,Actual,All,All,All,2016,3,1,March
2016-03-31,640.762,Actual,All,All,All,2016,3,1,March
2016-04-13,6.12,Actual,All,All,All,2016,4,2,April
2016-04-14,533.0360000000001,Actual,All,All,All,2016,4,2,April
2016-04-15,1080.288,Actual,All,All,All,2016,4,2,April
2016-04-16,235.156,Actual,All,All,All,2016,4,2,April
2016-04-17,421.08500000000004,Actual,All,All,All,2016,4,2,April
2016-04-18,959.602,Actual,All,All,All,2016,4,2,April
2016-04-19,1414.132,Actual,All,All,All,2016,4,2,April
2016-04-21,271.616,Actual,All,All,All,2016,4,2,April
2016-04-22,492.83500000000004,Actual,All,All,All,2016,4,2,April
2016-04-23,720.368,Actual,All,All,All,2016,4,2,April
2016-04-24,281.34000000000003,Actual,All,All,All,2016,4,2,April
2016-04-25,108.42,Actual,All,All,All,2016,4,2,April
2016-04-26,434.646,Actual,All,All,All,2016,4,2,April
2016-04-28,486.672,Actual,All,All,All,2016,4,2,April
2016-04-30,142.208,Actual,All,All,All,2016,4,2,April
2016-05-14,455.93,Actual,All,All,All,2016,5,2,May
2016-05-15,137.072,Actual,All,All,All,2016,5,2,May
2016-05-16,327.9,Actual,All,All,All,2016,5,2,May
2016-05-17,346.922,Actual,All,All,All,2016,5,2,May
2016-05-18,122.22,Actual,All,All,All,2016,5,2,May
2016-05-19,940.048,Actual,All,All,All,2016,5,2,May
2016-05-20,58.753,Actual,All,All,All,2016,5,2,May
2016-05-21,321.814,Actual,All,All,All,2016,5,2,May
2016-05-22,1136.3600000000001,Actual,All,All,All,2016,5,2,May
2016-05-23,181.074,Actual,All,All,All,2016,5,2,May
2016-05-24,277.756,Actual,All,All,All,2016,5,2,May
2016-05-25,44.32,Actual,All,All,All,2016,5,2,May
2016-05-26,1975.356,Actual,All,All,All,2016,5,2,May
2016-05-27,502.81,Actual,All,All,All,2016,5,2,May
2016-05-28,1578.924,Actual,All,All,All,2016,5,2,May
2016-05-29,83.235,Actual,All,All,All,2016,5,2,May
2016-05-30,1564.722,Actual,All,All,All,2016,5,2,May
2016-05-31,438.85900000000004,Actual,All,All,All,2016,5,2,May
2016-06-13,430.43800000000005,Actual,All,All,All,2016,6,2,June
2016-06-14,449.27599999999995,Actual,All,All,All,2016,6,2,June
2016-06-15,173.488,Actual,All,All,All,2016,6,2,June
2016-06-16,147.27499999999998,Actual,All,All,All,2016,6,2,June
2016-06-17,2433.95,Actual,All,All,All,2016,6,2,June
2016-06-18,541.938,Actual,All,All,All,2016,6,2,June
2016-06-19,17.12,Actual,All,All,All,2016,6,2,June
2016-06-20,1229.548,Actual,All,All,All,2016,6,2,June
2016-06-21,577.108,Actual,All,All,All,2016,6,2,June
2016-06-23,777.5799999999999,Actual,All,All,All,2016,6,2,June
2016-06-24,834.152,Actual,All,All,All,2016,6,2,June
2016-06-25,893.266,Actual,All,All,All,2016,6,2,June
2016-06-26,1215.35,Actual,All,All,All,2016,6,2,June
2016-06-27,239.048,Actual,All,All,All,2016,6,2,June
2016-06-28,877.156,Actual,All,All,All,2016,6,2,June
2016-06-29,191.88,Actual,All,All,All,2016,6,2,June
2016-06-30,86.09,Actual,All,All,All,2016,6,2,June
2016-07-14,1570.824,Actual,All,All,All,2016,7,3,July
2016-07-15,380.2,Actual,All,All,All,2016,7,3,July
2016-07-16,910.17,Actual,All,All,All,2016,7,3,July
2016-07-17,1587.8799999999999,Actual,All,All,All,2016,7,3,July
2016-07-18,899.9300000000001,Actual,All,All,All,2016,7,3,July
2016-07-19,1031.554,Actual,All,All,All,2016,7,3,July
2016-07-20,89.95,Actual,All,All,All,2016,7,3,July
2016-07-21,991.095,Actual,All,All,All,2016,7,3,July
2016-07-22,402.19800000000004,Actual,All,All,All,2016,7,3,July
2016-07-23,654.587,Actual,All,All,All,2016,7,3,July
2016-07-24,326.964,Actual,All,All,All,2016,7,3,July
2016-07-25,2050.4320000000002,Actual,All,All,All,2016,7,3,July
2016-07-28,663.61,Actual,All,All,All,2016,7,3,July
2016-07-29,114.394,Actual,All,All,All,2016,7,3,July
2016-07-30,18.512,Actual,All,All,All,2016,7,3,July
2016-07-31,675.0699999999999,Actual,All,All,All,2016,7,3,July
2016-08-13,731.524,Actual,All,All,All,2016,8,3,August
2016-08-14,923.688,Actual,All,All,All,2016,8,3,August
2016-08-15,974.722,Actual,All,All,All,2016,8,3,August
2016-08-16,204.54000000000002,Actual,All,All,All,2016,8,3,August
2016-08-17,15.712,Actual,All,All,All,2016,8,3,August
2016-08-18,496.114,Actual,All,All,All,2016,8,3,August
2016-08-19,448.792,Actual,All,All,All,2016,8,3,August
2016-08-20,14.78,Actual,All,All,All,2016,8,3,August
2016-08-21,522.77,Actual,All,All,All,2016,8,3,August
2016-08-22,405.35,Actual,All,All,All,2016,8,3,August
2016-08-23,382.548,Actual,All,All,All,2016,8,3,August
2016-08-26,2246.446,Actual,All,All,All,2016,8,3,August
2016-08-27,767.9110000000001,Actual,All,All,All,2016,8,3,August
2016-08-28,322.0248,Actual,All,All,All,2016,8,3,August
2016-08-29,632.188,Actual,All,All,All,2016,8,3,August
2016-08-30,870.126,Actual,All,All,All,2016,8,3,August
2016-08-31,23.968,Actual,All,All,All,2016,8,3,August
2016-09-13,1038.29,Actual,All,All,All,2016,9,3,September
2016-09-14,463.77000000000004,Actual,All,All,All,2016,9,3,September
2016-09-15,131.224,Actual,All,All,All,2016,9,3,September
2016-09-16,425.88599999999997,Actual,All,All,All,2016,9,3,September
2016-09-17,2043.126,Actual,All,All,All,2016,9,3,September
2016-09-18,1532.124,Actual,All,All,All,2016,9,3,September
2016-09-19,659.39,Actual,All,All,All,2016,9,3,September
2016-09-20,1232.004,Actual,All,All,All,2016,9,3,September
2016-09-22,615.57,Actual,All,All,All,2016,9,3,September
2016-09-23,789.441,Actual,All,All,All,2016,9,3,September
2016-09-24,1211.754,Actual,All,All,All,2016,9,3,September
2016-09-25,2943.141,Actual,All,All,All,2016,9,3,September
2016-09-26,1950.6085,Actual,All,All,All,2016,9,3,September
2016-09-27,34.737,Actual,All,All,All,2016,9,3,September
2016-09-28,99.136,Actual,All,All,All,2016,9,3,September
2016-09-29,448.592,Actual,All,All,All,2016,9,3,September
2016-09-30,1.964,Actual,All,All,All,2016,9,3,September
2016-10-13,923.168,Actual,All,All,All,2016,10,4,October
2016-10-14,594.208,Actual,All,All,All,2016,10,4,October
2016-10-15,751.56,Actual,All,All,All,2016,10,4,October
2016-10-16,142.182,Actual,All,All,All,2016,10,4,October
2016-10-17,1025.756,Actual,All,All,All,2016,10,4,October
2016-10-18,307.92,Actual,All,All,All,2016,10,4,October
2016-10-20,946.174,Actual,All,All,All,2016,10,4,October
2016-10-21,1710.52,Actual,All,All,All,2016,10,4,October
2016-10-22,188.28,Actual,All,All,All,2016,10,4,October
2016-10-23,467.42199999999997,Actual,All,All,All,2016,10,4,October
2016-10-24,1365.498,Actual,All,All,All,2016,10,4,October
2016-10-27,978.7900000000001,Actual,All,All,All,2016,10,4,October
2016-10-28,1059.741,Actual,All,All,All,2016,10,4,October
2016-10-29,131.154,Actual,All,All,All,2016,10,4,October
2016-10-30,159.002,Actual,All,All,All,2016,10,4,October
2016-10-31,1261.159,Actual,All,All,All,2016,10,4,October
2016-11-13,665.178,Actual,All,All,All,2016,11,4,November
2016-11-14,1074.106,Actual,All,All,All,2016,11,4,November
2016-11-15,498.902,Actual,All,All,All,2016,11,4,November
2016-11-16,36.72,Actual,All,All,All,2016,11,4,November
2016-11-17,142.684,Actual,All,All,All,2016,11,4,November
2016-11-18,926.052,Actual,All,All,All,2016,11,4,November
2016-11-19,638.462,Actual,All,All,All,2016,11,4,November
2016-11-20,2125.403,Actual,All,All,All,2016,11,4,November
2016-11-21,1176.891,Actual,All,All,All,2016,11,4,November
2016-11-22,317.044,Actual,All,All,All,2016,11,4,November
2016-11-23,100.61599999999999,Actual,All,All,All,2016,11,4,November
2016-11-24,1612.454,Actual,All,All,All,2016,11,4,November
2016-11-25,1346.556,Actual,All,All,All,2016,11,4,November
2016-11-26,1287.699,Actual,All,All,All,2016,11,4,November
2016-11-27,1651.239,Actual,All,All,All,2016,11,4,November
2016-11-28,1039.0520000000001,Actual,All,All,All,2016,11,4,November
2016-11-29,300.592,Actual,All,All,All,2016,11,4,November
2016-11-30,970.142,Actual,All,All,All,2016,11,4,November
2016-12-13,79.816,Actual,All,All,All,2016,12,4,December
2016-12-14,828.654,Actual,All,All,All,2016,12,4,December
2016-12-15,419.952,Actual,All,All,All,2016,12,4,December
2016-12-16,64.62200000000001,Actual,All,All,All,2016,12,4,December
2016-12-17,288.874,Actual,All,All,All,2016,12,4,December
2016-12-18,1480.1,Actual,All,All,All,2016,12,4,December
2016-12-19,815.1120000000001,Actual,All,All,All,2016,12,4,December
2016-12-20,134.54,Actual,All,All,All,2016,12,4,December
2016-12-22,200.40800000000002,Actual,All,All,All,2016,12,4,December
2016-12-23,1775.247,Actual,All,All,All,2016,12,4,December
2016-12-24,598.652,Actual,All,All,All,2016,12,4,December
2016-12-25,2036.807,Actual,All,All,All,2016,12,4,December
2016-12-26,926.706,Actual,All,All,All,2016,12,4,December
2016-12-27,114.00200000000001,Actual,All,All,All,2016,12,4,December
2016-12-29,523.23,Actual,All,All,All,2016,12,4,December
2016-12-30,773.774,Actual,All,All,All,2016,12,4,December
2016-12-31,731.768,Actual,All,All,All,2016,12,4,December
2017-01-13,455.28,Actual,All,All,All,2017,1,1,January
2017-01-14,1056.038,Actual,All,All,All,2017,1,1,January
2017-01-15,216.12,Actual,All,All,All,2017,1,1,January
2017-01-16,786.3320000000001,Actual,All,All,All,2017,1,1,January
2017-01-19,583.504,Actual,All,All,All,2017,1,1,January
2017-01-20,767.838,Actual,All,All,All,2017,1,1,January
2017-01-21,1926.6930000000002,Actual,All,All,All,2017,1,1,January
2017-01-22,86.402,Actual,All,All,All,2017,1,1,January
2017-01-23,450.334,Actual,All,All,All,2017,1,1,January
2017-01-24,418.66599999999994,Actual,All,All,All,2017,1,1,January
2017-01-26,115.35,Actual,All,All,All,2017,1,1,January
2017-01-27,331.914,Actual,All,All,All,2017,1,1,January
2017-01-28,1007.52,Actual,All,All,All,2017,1,1,January
2017-01-29,294.842,Actual,All,All,All,2017,1,1,January
2017-01-30,1141.3990000000001,Actual,All,All,All,2017,1,1,January
2017-02-13,258.47,Actual,All,All,All,2017,2,1,February
2017-02-16,157.374,Actual,All,All,All,2017,2,1,February
2017-02-17,2065.3874,Actual,All,All,All,2017,2,1,February
2017-02-18,287.326,Actual,All,All,All,2017,2,1,February
2017-02-19,68.73,Actual,All,All,All,2017,2,1,February
2017-02-20,1150.29,Actual,All,All,All,2017,2,1,February
2017-02-21,47.904,Actual,All,All,All,2017,2,1,February
2017-02-23,117.79999999999998,Actual,All,All,All,2017,2,1,February
2017-02-24,128.876,Actual,All,All,All,2017,2,1,February
2017-02-25,430.49199999999996,Actual,All,All,All,2017,2,1,February
2017-02-26,1065.886,Actual,All,All,All,2017,2,1,February
2017-02-28,17.62,Actual,All,All,All,2017,2,1,February
2017-03-13,2498.87,Actual,All,All,All,2017,3,1,March
2017-03-14,49.616,Actual,All,All,All,2017,3,1,March
2017-03-16,1354.405,Actual,All,All,All,2017,3,1,March
2017-03-17,542.746,Actual,All,All,All,2017,3,1,March
2017-03-18,490.214,Actual,All,All,All,2017,3,1,March
2017-03-19,811.5840000000001,Actual,All,All,All,2017,3,1,March
2017-03-20,899.568,Actual,All,All,All,2017,3,1,March
2017-03-21,800.9159999999999,Actual,All,All,All,2017,3,1,March
2017-03-23,816.108,Actual,All,All,All,2017,3,1,March
2017-03-24,1257.298,Actual,All,All,All,2017,3,1,March
2017-03-25,2040.466,Actual,All,All,All,2017,3,1,March
2017-03-26,852.92,Actual,All,All,All,2017,3,1,March
2017-03-27,1309.626,Actual,All,All,All,2017,3,1,March
2017-03-28,176.502,Actual,All,All,All,2017,3,1,March
2017-03-29,81.4,Actual,All,All,All,2017,3,1,March
2017-03-30,656.407,Actual,All,All,All,2017,3,1,March
2017-03-31,631.5508,Actual,All,All,All,2017,3,1,March
2017-04-13,449.904,Actual,All,All,All,2017,4,2,April
2017-04-14,652.93,Actual,All,All,All,2017,4,2,April
2017-04-15,332.338,Actual,All,All,All,2017,4,2,April
2017-04-16,944.429,Actual,All,All,All,2017,4,2,April
2017-04-17,881.474,Actual,All,All,All,2017,4,2,April
2017-04-20,1184.6960000000001,Actual,All,All,All,2017,4,2,April
2017-04-21,345.74399999999997,Actual,All,All,All,2017,4,2,April
2017-04-22,272.632,Actual,All,All,All,2017,4,2,April
2017-04-23,1199.222,Actual,All,All,All,2017,4,2,April
2017-04-24,376.558,Actual,All,All,All,2017,4,2,April
2017-04-25,678.113,Actual,All,All,All,2017,4,2,April
2017-04-26,61.608000000000004,Actual,All,All,All,2017,4,2,April
2017-04-27,576.5756,Actual,All,All,All,2017,4,2,April
2017-04-28,43.312,Actual,All,All,All,2017,4,2,April
2017-04-29,4.91,Actual,All,All,All,2017,4,2,April
2017-04-30,712.546,Actual,All,All,All,2017,4,2,April
2017-05-13,1033.098,Actual,All,All,All,2017,5,2,May
2017-05-14,1342.732,Actual,All,All,All,2017,5,2,May
2017-05-15,421.264,Actual,All,All,All,2017,5,2,May
2017-05-16,221.024,Actual,All,All,All,2017,5,2,May
2017-05-18,1123.6480000000001,Actual,All,All,All,2017,5,2,May
2017-05-19,2608.954,Actual,All,All,All,2017,5,2,May
2017-05-20,651.418,Actual,All,All,All,2017,5,2,May
2017-05-21,17.97,Actual,All,All,All,2017,5,2,May
2017-05-22,336.56199999999995,Actual,All,All,All,2017,5,2,May
2017-05-23,241.436,Actual,All,All,All,2017,5,2,May
2017-05-25,222.106,Actual,All,All,All,2017,5,2,May
2017-05-26,270.24,Actual,All,All,All,2017,5,2,May
2017-05-27,1544.9379999999999,Actual,All,All,All,2017,5,2,May
2017-05-28,1480.103,Actual,All,All,All,2017,5,2,May
2017-05-29,691.108,Actual,All,All,All,2017,5,2,May
2017-05-30,736.8904,Actual,All,All,All,2017,5,2,May
2017-06-13,1156.018,Actual,All,All,All,2017,6,2,June
2017-06-15,1119.222,Actual,All,All,All,2017,6,2,June
2017-06-16,1511.234,Actual,All,All,All,2017,6,2,June
2017-06-17,492.172,Actual,All,All,All,2017,6,2,June
2017-06-18,113.232,Actual,All,All,All,2017,6,2,June
2017-06-19,1355.825,Actual,All,All,All,2017,6,2,June
2017-06-20,524.268,Actual,All,All,All,2017,6,2,June
2017-06-21,595.656,Actual,All,All,All,2017,6,2,June
2017-06-22,579.019,Actual,All,All,All,2017,6,2,June
2017-06-24,1287.614,Actual,All,All,All,2017,6,2,June
2017-06-25,636.952,Actual,All,All,All,2017,6,2,June
2017-06-26,1893.97,Actual,All,All,All,2017,6,2,June
2017-06-27,357.456,Actual,All,All,All,2017,6,2,June
2017-06-29,1691.4712,Actual,All,All,All,2017,6,2,June
2017-06-30,1021.2850000000001,Actual,All,All,All,2017,6,2,June
2017-07-13,504.542,Actual,All,All,All,2017,7,3,July
2017-07-14,1708.988,Actual,All,All,All,2017,7,3,July
2017-07-15,595.143,Actual,All,All,All,2017,7,3,July
2017-07-16,316.636,Actual,All,All,All,2017,7,3,July
2017-07-17,997.708,Actual,All,All,All,2017,7,3,July
2017-07-18,705.224,Actual,All,All,All,2017,7,3,July
2017-07-20,1547.228,Actual,All,All,All,2017,7,3,July
2017-07-21,2059.752,Actual,All,All,All,2017,7,3,July
2017-07-22,29.97,Actual,All,All,All,2017,7,3,July
2017-07-23,898.188,Actual,All,All,All,2017,7,3,July
2017-07-25,798.742,Actual,All,All,All,2017,7,3,July
2017-07-26,362.352,Actual,All,All,All,2017,7,3,July
2017-07-27,598.76,Actual,All,All,All,2017,7,3,July
2017-07-28,24.964,Actual,All,All,All,2017,7,3,July
2017-07-29,1391.294,Actual,All,All,All,2017,7,3,July
2017-07-30,523.376,Actual,All,All,All,2017,7,3,July
2017-07-31,708.078,Actual,All,All,All,2017,7,3,July
2017-08-13,1028.582,Actual,All,All,All,2017,8,3,August
2017-08-14,440.736,Actual,All,All,All,2017,8,3,August
2017-08-15,148.24,Actual,All,All,All,2017,8,3,August
2017-08-16,80.564,Actual,All,All,All,2017,8,3,August
2017-08-17,1146.334,Actual,All,All,All,2017,8,3,August
2017-08-18,944.876,Actual,All,All,All,2017,8,3,August
2017-08-19,512.446,Actual,All,All,All,2017,8,3,August
2017-08-20,692.95,Actual,All,All,All,2017,8,3,August
2017-08-21,2237.794,Actual,All,All,All,2017,8,3,August
2017-08-22,524.54,Actual,All,All,All,2017,8,3,August
2017-08-23,222.44799999999998,Actual,All,All,All,2017,8,3,August
2017-08-24,38.784,Actual,All,All,All,2017,8,3,August
2017-08-25,361.988,Actual,All,All,All,2017,8,3,August
2017-08-26,190.66,Actual,All,All,All,2017,8,3,August
2017-08-27,1860.674,Actual,All,All,All,2017,8,3,August
2017-08-28,305.882,Actual,All,All,All,2017,8,3,August
2017-08-29,235.46800000000002,Actual,All,All,All,2017,8,3,August
2017-08-31,605.2239999999999,Actual,All,All,All,2017,8,3,August
2017-09-13,15.92,Actual,All,All,All,2017,9,3,September
2017-09-14,859.359,Actual,All,All,All,2017,9,3,September
2017-09-15,3101.738,Actual,All,All,All,2017,9,3,September
2017-09-16,311.456,Actual,All,All,All,2017,9,3,September
2017-09-17,1546.606,Actual,All,All,All,2017,9,3,September
2017-09-18,1511.93,Actual,All,All,All,2017,9,3,September
2017-09-19,1648.188,Actual,All,All,All,2017,9,3,September
2017-09-20,917.721,Actual,All,All,All,2017,9,3,September
2017-09-21,338.172,Actual,All,All,All,2017,9,3,September
2017-09-22,1444.517,Actual,All,All,All,2017,9,3,September
2017-09-23,1800.97,Actual,All,All,All,2017,9,3,September
2017-09-24,2135.004,Actual,All,All,All,2017,9,3,September
2017-09-25,1412.213,Actual,All,All,All,2017,9,3,September
2017-09-26,555.4,Actual,All,All,All,2017,9,3,September
2017-09-28,559.271,Actual,All,All,All,2017,9,3,September
2017-09-29,1944.08,Actual,All,All,All,2017,9,3,September
2017-09-30,540.76,Actual,All,All,All,2017,9,3,September
2017-10-13,912.422,Actual,All,All,All,2017,10,4,October
2017-10-14,134.332,Actual,All,All,All,2017,10,4,October
2017-10-15,507.70000000000005,Actual,All,All,All,2017,10,4,October
2017-10-16,451.05400000000003,Actual,All,All,All,2017,10,4,October
2017-10-17,126.352,Actual,All,All,All,2017,10,4,October
2017-10-19,1148.6822,Actual,All,All,All,2017,10,4,October
2017-10-20,668.4499999999999,Actual,All,All,All,2017,10,4,October
2017-10-21,1504.209,Actual,All,All,All,2017,10,4,October
2017-10-22,980.1729999999999,Actual,All,All,All,2017,10,4,October
2017-10-23,1026.6580000000001,Actual,All,All,All,2017,10,4,October
2017-10-24,11.68,Actual,All,All,All,2017,10,4,October
2017-10-26,999.868,Actual,All,All,All,2017,10,4,October
2017-10-27,529.655,Actual,All,All,All,2017,10,4,October
2017-10-28,408.726,Actual,All,All,All,2017,10,4,October
2017-10-29,46.96,Actual,All,All,All,2017,10,4,October
2017-10-30,1709.338,Actual,All,All,All,2017,10,4,October
2017-10-31,15.16,Actual,All,All,All,2017,10,4,October
2017-11-13,1662.6832,Actual,All,All,All,2017,11,4,November
2017-11-14,834.6579999999999,Actual,All,All,All,2017,11,4,November
2017-11-15,559.2,Actual,All,All,All,2017,11,4,November
2017-11-16,1123.9959999999999,Actual,All,All,All,2017,11,4,November
2017-11-17,1947.2728,Actual,All,All,All,2017,11,4,November
2017-11-18,1469.756,Actual,All,All,All,2017,11,4,November
2017-11-19,1827.348,Actual,All,All,All,2017,11,4,November
2017-11-20,1158.314,Actual,All,All,All,2017,11,4,November
2017-11-21,536.216,Actual,All,All,All,2017,11,4,November
2017-11-22,35.712,Actual,All,All,All,2017,11,4,November
2017-11-23,1153.109,Actual,All,All,All,2017,11,4,November
2017-11-24,2538.389,Actual,All,All,All,2017,11,4,November
2017-11-25,884.537,Actual,All,All,All,2017,11,4,November
2017-11-26,1359.662,Actual,All,All,All,2017,11,4,November
2017-11-27,1618.254,Actual,All,All,All,2017,11,4,November
2017-11-28,294.81399999999996,Actual,All,All,All,2017,11,4,November
2017-11-29,491.888,Actual,All,All,All,2017,11,4,November
2017-11-30,1331.388,Actual,All,All,All,2017,11,4,November
2017-12-13,580.936,Actual,All,All,All,2017,12,4,December
2017-12-14,1196.164,Actual,All,All,All,2017,12,4,December
2017-12-15,306.88800000000003,Actual,All,All,All,2017,12,4,December
2017-12-16,858.702,Actual,All,All,All,2017,12,4,December
2017-12-17,978.478,Actual,All,All,All,2017,12,4,December
2017-12-18,799.413,Actual,All,All,All,2017,12,4,December
2017-12-19,230.30599999999998,Actual,All,All,All,2017,12,4,December
2017-12-20,377.736,Actual,All,All,All,2017,12,4,December
2017-12-21,1140.92,Actual,All,All,All,2017,12,4,December
2017-12-22,2148.307,Actual,All,All,All,2017,12,4,December
2017-12-23,1926.776,Actual,All,All,All,2017,12,4,December
2017-12-24,1507.106,Actual,All,All,All,2017,12,4,December
2017-12-25,2069.827,Actual,All,All,All,2017,12,4,December
2017-12-26,63.914,Actual,All,All,All,2017,12,4,December
2017-12-27,177.636,Actual,All,All,All,2017,12,4,December
2017-12-28,931.5108,Actual,All,All,All,2017,12,4,December
2017-12-29,1707.694,Actual,All,All,All,2017,12,4,December
2017-12-30,713.7900000000001,Actual,All,All,All,2017,12,4,December
